{
    "initial_phase": {
        "n_model_evaluations": 2000,
        "cpu_s": 0.6537115573883057
    },
    "deterministic_phase": {
        "n_model_evaluations": 0,
        "cpu_s": {
            "proposing": 0,
            "evaluating": 0,
            "total": 0
        }
    },
    "transition_phase": {
        "n_model_evaluations": 2000,
        "cpu_s": 0.17457962036132812
    },
    "probabilistic_phase": {
        "n_model_evaluations": {
            "main": 2900,
            "topup": 0,
            "total": 2900
        },
        "cpu_s": {
            "main": {
                "proposing": 0.18589234352111816,
                "evaluating": 0.8040375709533691,
                "total": 0.9899299144744873
            },
            "topup": {
                "proposing": 0.0,
                "evaluating": 0.0,
                "total": 0.0
            },
            "total": 1.3922557830810547
        }
    },
    "overall": {
        "n_model_evaluations": 6900,
        "cpu_s": 2.2205469608306885
    }
}