{
    "initial_phase": {
        "n_model_evaluations": 3000,
        "cpu_s": 884.3036074638367
    },
    "deterministic_phase": {
        "n_model_evaluations": 0,
        "cpu_s": {
            "proposing": 0,
            "evaluating": 0,
            "total": 0
        }
    },
    "transition_phase": {
        "n_model_evaluations": 3000,
        "cpu_s": 840.2265884876251
    },
    "probabilistic_phase": {
        "n_model_evaluations": {
            "main": 35600,
            "topup": 0,
            "total": 35600
        },
        "cpu_s": {
            "main": {
                "proposing": 3.0119690895080566,
                "evaluating": 9051.224566221237,
                "total": 9054.236535310745
            },
            "topup": {
                "proposing": 0.0,
                "evaluating": 0.0,
                "total": 0.0
            },
            "total": 9059.448046684265
        }
    },
    "overall": {
        "n_model_evaluations": 41600,
        "cpu_s": 10783.978242635727
    }
}