{
    "initial_phase": {
        "n_model_evaluations": 2500,
        "cpu_s": 673.107321023941
    },
    "deterministic_phase": {
        "n_model_evaluations": 0,
        "cpu_s": {
            "proposing": 0,
            "evaluating": 0,
            "total": 0
        }
    },
    "transition_phase": {
        "n_model_evaluations": 2500,
        "cpu_s": 668.0010018348694
    },
    "probabilistic_phase": {
        "n_model_evaluations": {
            "main": 50,
            "topup": 0,
            "total": 50
        },
        "cpu_s": {
            "main": {
                "proposing": 0.011533021926879883,
                "evaluating": 14.003652095794678,
                "total": 14.015185117721558
            },
            "topup": {
                "proposing": 0.0,
                "evaluating": 0.0,
                "total": 0.0
            },
            "total": 14.038477897644043
        }
    },
    "overall": {
        "n_model_evaluations": 5050,
        "cpu_s": 1355.1468007564545
    }
}