{
    "initial_phase": {
        "n_model_evaluations": 3000,
        "cpu_s": 0.28512120246887207
    },
    "deterministic_phase": {
        "n_model_evaluations": 0,
        "cpu_s": {
            "proposing": 0,
            "evaluating": 0,
            "total": 0
        }
    },
    "transition_phase": {
        "n_model_evaluations": 3000,
        "cpu_s": 0.19102263450622559
    },
    "probabilistic_phase": {
        "n_model_evaluations": {
            "main": 304700,
            "topup": 0,
            "total": 304700
        },
        "cpu_s": {
            "main": {
                "proposing": 42.98301911354065,
                "evaluating": 23.530763149261475,
                "total": 66.51378226280212
            },
            "topup": {
                "proposing": 0.0,
                "evaluating": 0.0,
                "total": 0.0
            },
            "total": 103.84864282608032
        }
    },
    "overall": {
        "n_model_evaluations": 310700,
        "cpu_s": 104.32478666305542
    }
}