{
    "initial_phase": {
        "n_model_evaluations": 3000,
        "cpu_s": 581.7850625514984
    },
    "deterministic_phase": {
        "n_model_evaluations": 0,
        "cpu_s": {
            "proposing": 0,
            "evaluating": 0,
            "total": 0
        }
    },
    "transition_phase": {
        "n_model_evaluations": 3000,
        "cpu_s": 572.0335247516632
    },
    "probabilistic_phase": {
        "n_model_evaluations": {
            "main": 65900,
            "topup": 0,
            "total": 65900
        },
        "cpu_s": {
            "main": {
                "proposing": 5.298396110534668,
                "evaluating": 62823.059527635574,
                "total": 62828.35792374611
            },
            "topup": {
                "proposing": 0.0,
                "evaluating": 0.0,
                "total": 0.0
            },
            "total": 62836.117616176605
        }
    },
    "overall": {
        "n_model_evaluations": 71900,
        "cpu_s": 63989.93620347977
    }
}