{
    "initial_phase": {
        "n_model_evaluations": 3000,
        "cpu_s": 901.4645066261292
    },
    "deterministic_phase": {
        "n_model_evaluations": 0,
        "cpu_s": {
            "proposing": 0,
            "evaluating": 0,
            "total": 0
        }
    },
    "transition_phase": {
        "n_model_evaluations": 3000,
        "cpu_s": 901.7676665782928
    },
    "probabilistic_phase": {
        "n_model_evaluations": {
            "main": 36900,
            "topup": 0,
            "total": 36900
        },
        "cpu_s": {
            "main": {
                "proposing": 2.508641242980957,
                "evaluating": 9049.111175775528,
                "total": 9051.619817018509
            },
            "topup": {
                "proposing": 0.0,
                "evaluating": 0.0,
                "total": 0.0
            },
            "total": 9057.081999063492
        }
    },
    "overall": {
        "n_model_evaluations": 42900,
        "cpu_s": 10860.314172267914
    }
}