{
    "initial_phase": {
        "n_model_evaluations": 3500,
        "cpu_s": 978.9315621852875
    },
    "deterministic_phase": {
        "n_model_evaluations": 0,
        "cpu_s": {
            "proposing": 0,
            "evaluating": 0,
            "total": 0
        }
    },
    "transition_phase": {
        "n_model_evaluations": 3500,
        "cpu_s": 858.4035322666168
    },
    "probabilistic_phase": {
        "n_model_evaluations": {
            "main": 3700,
            "topup": 0,
            "total": 3700
        },
        "cpu_s": {
            "main": {
                "proposing": 0.30799221992492676,
                "evaluating": 822.3238615989685,
                "total": 822.6318538188934
            },
            "topup": {
                "proposing": 0.0,
                "evaluating": 0.0,
                "total": 0.0
            },
            "total": 823.9454383850098
        }
    },
    "overall": {
        "n_model_evaluations": 10700,
        "cpu_s": 2661.280532836914
    }
}