{
    "initial_phase": {
        "n_model_evaluations": 3500,
        "cpu_s": 959.1855027675629
    },
    "deterministic_phase": {
        "n_model_evaluations": 0,
        "cpu_s": {
            "proposing": 0,
            "evaluating": 0,
            "total": 0
        }
    },
    "transition_phase": {
        "n_model_evaluations": 3500,
        "cpu_s": 821.3775682449341
    },
    "probabilistic_phase": {
        "n_model_evaluations": {
            "main": 4300,
            "topup": 0,
            "total": 4300
        },
        "cpu_s": {
            "main": {
                "proposing": 0.5160074234008789,
                "evaluating": 980.3898530006409,
                "total": 980.9058604240417
            },
            "topup": {
                "proposing": 0.0,
                "evaluating": 0.0,
                "total": 0.0
            },
            "total": 982.4553637504578
        }
    },
    "overall": {
        "n_model_evaluations": 11300,
        "cpu_s": 2763.0184347629547
    }
}