{
    "initial_phase": {
        "n_model_evaluations": 2500,
        "cpu_s": 655.4654643535614
    },
    "deterministic_phase": {
        "n_model_evaluations": 0,
        "cpu_s": {
            "proposing": 0,
            "evaluating": 0,
            "total": 0
        }
    },
    "transition_phase": {
        "n_model_evaluations": 2500,
        "cpu_s": 644.3025946617126
    },
    "probabilistic_phase": {
        "n_model_evaluations": {
            "main": 50,
            "topup": 0,
            "total": 50
        },
        "cpu_s": {
            "main": {
                "proposing": 0.010112762451171875,
                "evaluating": 13.983520984649658,
                "total": 13.99363374710083
            },
            "topup": {
                "proposing": 0.0,
                "evaluating": 0.0,
                "total": 0.0
            },
            "total": 14.029810428619385
        }
    },
    "overall": {
        "n_model_evaluations": 5050,
        "cpu_s": 1313.7978694438934
    }
}