{
    "initial_phase": {
        "n_model_evaluations": 3000,
        "cpu_s": 830.5273623466492
    },
    "deterministic_phase": {
        "n_model_evaluations": 0,
        "cpu_s": {
            "proposing": 0,
            "evaluating": 0,
            "total": 0
        }
    },
    "transition_phase": {
        "n_model_evaluations": 3000,
        "cpu_s": 769.2282791137695
    },
    "probabilistic_phase": {
        "n_model_evaluations": {
            "main": 36300,
            "topup": 0,
            "total": 36300
        },
        "cpu_s": {
            "main": {
                "proposing": 2.9560799598693848,
                "evaluating": 9276.951318025589,
                "total": 9279.907397985458
            },
            "topup": {
                "proposing": 0.0,
                "evaluating": 0.0,
                "total": 0.0
            },
            "total": 9285.443471431732
        }
    },
    "overall": {
        "n_model_evaluations": 42300,
        "cpu_s": 10885.19911289215
    }
}