{
    "initial_phase": {
        "n_model_evaluations": 3500,
        "cpu_s": 655.2847235202789
    },
    "deterministic_phase": {
        "n_model_evaluations": 0,
        "cpu_s": {
            "proposing": 0,
            "evaluating": 0,
            "total": 0
        }
    },
    "transition_phase": {
        "n_model_evaluations": 3500,
        "cpu_s": 640.591587305069
    },
    "probabilistic_phase": {
        "n_model_evaluations": {
            "main": 11200,
            "topup": 0,
            "total": 11200
        },
        "cpu_s": {
            "main": {
                "proposing": 1.4397728443145752,
                "evaluating": 2060.0040588378906,
                "total": 2061.443831682205
            },
            "topup": {
                "proposing": 0.0,
                "evaluating": 0.0,
                "total": 0.0
            },
            "total": 2064.6359395980835
        }
    },
    "overall": {
        "n_model_evaluations": 18200,
        "cpu_s": 3360.5122504234314
    }
}