{
    "initial_phase": {
        "n_model_evaluations": 3000,
        "cpu_s": 795.1902375221252
    },
    "deterministic_phase": {
        "n_model_evaluations": 0,
        "cpu_s": {
            "proposing": 0,
            "evaluating": 0,
            "total": 0
        }
    },
    "transition_phase": {
        "n_model_evaluations": 3000,
        "cpu_s": 805.6727471351624
    },
    "probabilistic_phase": {
        "n_model_evaluations": {
            "main": 35900,
            "topup": 0,
            "total": 35900
        },
        "cpu_s": {
            "main": {
                "proposing": 3.020456075668335,
                "evaluating": 8666.362303495407,
                "total": 8669.382759571075
            },
            "topup": {
                "proposing": 0.0,
                "evaluating": 0.0,
                "total": 0.0
            },
            "total": 8674.59502363205
        }
    },
    "overall": {
        "n_model_evaluations": 41900,
        "cpu_s": 10275.458008289337
    }
}